<keymap version="1" name="Windows copy" parent="$default">
  <action id="BraceOrQuoteOut" />
  <action id="CodeFloatingToolbar.GotoNextMenu" />
  <action id="CodeFloatingToolbar.GotoPrevMenu" />
  <action id="DisableDeclarativeInlayAction">
    <keyboard-shortcut first-keystroke="ctrl alt slash" />
  </action>
  <action id="EditorChooseLookupItemReplace" />
  <action id="EditorIndentSelection" />
  <action id="EditorLookupSelectionDown">
    <keyboard-shortcut first-keystroke="tab" />
  </action>
  <action id="EditorLookupSelectionUp">
    <keyboard-shortcut first-keystroke="shift tab" />
  </action>
  <action id="EditorTab" />
  <action id="EditorUnindentSelection" />
  <action id="ExpandLiveTemplateByTab" />
  <action id="InsertInlineCompletionAction" />
  <action id="NextParameter" />
  <action id="NextTemplateVariable">
    <keyboard-shortcut first-keystroke="enter" />
  </action>
  <action id="PrevParameter" />
  <action id="PreviousTemplateVariable" />
  <action id="SearchEverywhere.CompleteCommand" />
  <action id="SearchEverywhere.NextTab" />
  <action id="SearchEverywhere.PrevTab" />
  <action id="SplitChooser.NextWindow" />
  <action id="SplitChooser.PreviousWindow" />
  <action id="Terminal.CommandCompletion" />
</keymap>