<application>
  <component name="MaterialThemeConfig">
    <option name="overrideAccentColor" value="false" />
    <option name="tabFontSizeEnabled" value="true" />
    <option name="treeFontSizeEnabled" value="true" />
    <option name="isOverrideAccentColor" value="false" />
    <option name="isTreeFontSizeEnabled" value="true" />
    <option name="isTabFontSizeEnabled" value="true" />
    <option name="indicatorStyle" value="None" />
    <option name="accentColor" value="ff9800" />
    <option name="secondAccentColor" />
    <option name="highlightColor" />
    <option name="selectedTheme" value="NATIVE" />
    <option name="userId" value="70816c6b:18eb99268c4:-8000" />
    <option name="version" value="8.13.2" />
    <option name="tabHighlightPosition" value="Bottom" />
    <option name="pristineConfig" value="false" />
  </component>
</application>