<application>
  <component name="Trusted.Paths">
    <option name="TRUSTED_PROJECT_PATHS">
      <map>
        <entry key="C:\Users\user\Desktop\Ontology-imp\react-temp" value="true" />
        <entry key="C:\Users\user\Desktop\a\demo" value="true" />
        <entry key="C:\Users\user\Desktop\a\project" value="true" />
        <entry key="C:\Users\user\Desktop\develop\react" value="true" />
        <entry key="C:\Users\user\Desktop\imp-ontology\react-temp" value="true" />
        <entry key="C:\Users\user\Desktop\noVite-develop\frontend" value="true" />
        <entry key="C:\Users\user\Desktop\ontology\project" value="true" />
        <entry key="C:\Users\user\WebstormProjects\untitled" value="true" />
      </map>
    </option>
  </component>
  <component name="Trusted.Paths.Settings">
    <option name="TRUSTED_PATHS">
      <list>
        <option value="C:\Users\user\Desktop\a" />
        <option value="C:\Users\user\Desktop\ontology" />
        <option value="C:\Users\user\Desktop\imp-ontology" />
      </list>
    </option>
  </component>
</application>