<application>
  <component name="DimensionService">
    <location key="find.popup.0.0.1920.1080" x="429" y="211" />
    <location key="find.popup.-1920.0.1920.1080" x="-1430" y="179" />
    <location key="find.popup.1920.0.1920.1080" x="2349" y="211" />
    <size key="find.popup.0.0.1920.1080" width="1109" height="760" />
    <size key="javadoc.popup.new.0.0.1920.1080" width="1229" height="296" />
    <size key="GridCell.Tab.0.left.0.0.1920.1080" width="1838" height="804" />
    <size key="GridCell.Tab.0.center.0.0.1920.1080" width="1838" height="804" />
    <size key="GridCell.Tab.0.right.0.0.1920.1080" width="1838" height="804" />
    <size key="GridCell.Tab.0.bottom.0.0.1920.1080" width="1838" height="804" />
    <size key="find.popup.-1920.0.1920.1080" width="892" height="760" />
    <size key="find.popup.1920.0.1920.1080" width="771" height="606" />
  </component>
  <component name="WindowManager">
    <frame x="1" y="1" width="1918" height="1030" extendedState="6" />
  </component>
  <component name="WindowStateApplicationService">
    <state width="675" height="155" key="ShowUsagesActions.dimensionServiceKey" timestamp="1731235739294">
      <screen x="0" y="0" width="1920" height="1032" />
    </state>
    <state width="675" height="155" key="ShowUsagesActions.dimensionServiceKey/0.0.1920.1032/1920.0.1920.1032" timestamp="1731235739294" />
    <state width="471" height="113" key="ShowUsagesActions.dimensionServiceKey/1920.0.1920.1032/0.0.1920.1032" timestamp="1725973004018" />
    <state width="300" height="534" key="manage.recent.projects.popup" timestamp="1731222450180">
      <screen x="0" y="0" width="1920" height="1032" />
    </state>
    <state width="300" height="534" key="manage.recent.projects.popup/0.0.1920.1032/1920.0.1920.1032" timestamp="1731222450180" />
  </component>
</application>